layer,E_falqon_x,E_tr_x,E_so_x,P_falqon_x,P_tr_x,P_so_x,E_falqon_xy,E_tr_xy,E_so_xy,P_falqon_xy,P_tr_xy,P_so_xy,E_falqon_warm,E_tr_warm,E_so_warm,P_falqon_warm,P_tr_warm,P_so_warm
0,0.0014254015671596155,0.0014254015671596155,0.001425401567159617,0.015625,0.015625,0.015625,-0.007546104123681221,-0.007546104123681221,-0.007546104123681221,0.049999999999999975,0.050000000000000024,0.049999999999999975,-0.0074095434324832335,-0.0074095434324832335,-0.0074095434324832335,0.17797852460820976,0.1779785246082097,0.1779785246082097
1,-0.0030304612850875546,-0.001430783278898455,-0.0043788119703041285,0.02555997653318953,0.021233500582105377,0.04111924371284162,-0.009337442775664092,-0.008914094992069244,-0.010093290588522872,0.07764854488177693,0.07076278150370062,0.09016809078037501,-0.012295420371724175,-0.011603117737255897,-0.011339386629524058,0.2636052765612273,0.24483506097445346,0.2997899017825781
2,-0.005967743475520334,-0.0051453067737041456,-0.004791343793817558,0.040150515369042045,0.034079595413896074,0.038207059226383115,-0.012759103076655289,-0.012035929635867281,-0.013084253673850667,0.14454855839862335,0.1290544244229013,0.15152286647731827,-0.012639137112323234,-0.012539650643048555,-0.011914649702355957,0.2771176268759057,0.2753044693355849,0.2842420280202136
3,-0.005896304162361422,-0.005880243295802921,-0.0043813824263238925,0.039412633552911996,0.0393937368542113,0.03491150782668159,-0.014324220196089086,-0.014520666130793686,-0.013505625399339242,0.1868751690704716,0.1913715694027423,0.16334537074889383,-0.01316172258560933,-0.012600399403233596,-0.012272731758427198,0.305345222120122,0.27816796765971213,0.2987586141889463
4,-0.006688678360578403,-0.006168273645928698,-0.008405690968053601,0.047858459977031156,0.042322720666623986,0.07778668139878352,-0.014776652215761467,-0.015359819575985851,-0.01418771673925173,0.20258893488031482,0.21954175608715987,0.1846888412611457,-0.013365935919559148,-0.013256329542589712,-0.014484721748435141,0.3172584653987547,0.31486244050644957,0.382263600095941
5,-0.006954044837443476,-0.006554962338772172,-0.008934690844235508,0.051301018629593756,0.04670287850396744,0.09203267043141,-0.015398655609086612,-0.01588285207411562,-0.014851956977819268,0.2267998564381977,0.24031446941088594,0.20785550052795895,-0.013987796088324842,-0.01328725114926776,-0.014031988157289904,0.35304562289747543,0.31665110352044396,0.3683019393370391
6,-0.007573657818394333,-0.006936275414518595,-0.009736292903434425,0.05950528478219264,0.051465721311109006,0.10417301310635335,-0.015799129391167125,-0.016350125730983104,-0.01546279855684542,0.24407619473569317,0.260887204741235,0.230925324531869,-0.014184976337422156,-0.01399793416277761,-0.015976985820734438,0.362674857383263,0.35422550629321486,0.414245784350762
7,-0.008088938528981045,-0.007358937815446368,-0.0139319376394903,0.06704974091552772,0.05707507244101941,0.1706933505585049,-0.01623139646052231,-0.0167468380485648,-0.0160119313674873,0.26373729944538576,0.2797918381018665,0.2528985892920271,-0.014903282250244393,-0.014138808010631203,-0.01585951866246083,0.3894243809800694,0.36066726087835377,0.41293045921821425
8,-0.008760600281700117,-0.007824592761032097,-0.013942121752000308,0.07768788494783264,0.06363789343397298,0.17090970256811655,-0.016555050327259027,-0.01709583117775221,-0.016500230168150335,0.27910391564033527,0.2974272629626737,0.2733501339734834,-0.015201989167223538,-0.014788243400591247,-0.01652877964751859,0.3969558401479192,0.3831612383907324,0.41571506971809424
9,-0.009517943205658026,-0.008348290156614487,-0.015699404815981297,0.09097151668866595,0.0715564396243707,0.22413251285895683,-0.01688619735340914,-0.01740292186895707,-0.016932023063963336,0.2952993918980553,0.3137442511214142,0.29223086877708604,-0.015714061478764627,-0.01511221750868813,-0.01651927242771077,0.40458965559298227,0.3908726548289198,0.41593960351544795
10,-0.010419600299366618,-0.008946720795163869,-0.015769723169081554,0.10792271614577248,0.08136088193388578,0.22974468414344315,-0.017147411066081638,-0.01767603654319992,-0.017312883043358082,0.3085491350890371,0.32899197484843945,0.3097103109579136,-0.015992971394028277,-0.015551040523151354,-0.01660646448458304,0.4052650308173671,0.39722029650977697,0.41599270988228443
11,-0.011455781950803053,-0.009638650039600578,-0.01588486097123482,0.12779742763520263,0.09357266073864672,0.23401684827461097,-0.017412440802957948,-0.017920030741593648,-0.01764854980446839,0.32260621261243716,0.3433861091062597,0.3260491119059398,-0.01621808458445739,-0.015862288427636637,-0.016606455216933266,0.40361313947962907,0.3984139488898878,0.41605101312921294
12,-0.012563929389529325,-0.010436722002267222,-0.016836749926277525,0.14860974431844362,0.10835319629271516,0.2794416461658795,-0.017625649659768223,-0.018139313763509076,-0.017944369053154278,0.3346053289232265,0.35717392908109624,0.3415088125471009,-0.016338531208143117,-0.01610149063057699,-0.01660619847688684,0.4013262273111169,0.39704066480557004,0.4158338069512109
13,-0.013611273626788949,-0.011333231897883565,-0.016865295791192277,0.16811035904885646,0.12513536723585086,0.28378052120162844,-0.017844005828876467,-0.018337117170907243,-0.01820505609437002,0.3477927633968194,0.3705483513191281,0.35629998502385773,-0.01638792049329058,-0.016250213589667648,-0.01660723029064209,0.39993579070580587,0.39470112256289036,0.41738983576123867
14,-0.014465046793157304,-0.012283869846233286,-0.016898961723295806,0.18507934427988817,0.14263439704277345,0.2858120785178395,-0.018019805357419646,-0.01851610364433576,-0.01843467227428751,0.3592830321713088,0.3836551465294988,0.3705627948005929,-0.016399862610035662,-0.016321525063444916,-0.016607391819638093,0.3997419928229231,0.3929207183901813,0.417769686621737
15,-0.015090577507176423,-0.013205774727459506,-0.017410640680535102,0.19954235230835501,0.15944348838666145,0.32009103921802323,-0.0182030632751395,-0.01867835625076751,-0.01863672122255156,0.37229688027812935,0.39658137312398695,0.3843708818150376,-0.016401365494371697,-0.0163439121439618,-0.016609150445306017,0.4000149524930611,0.39233960542883467,0.4191752943581603
16,-0.015544413411214373,-0.014009334679772839,-0.01727967616441722,0.21233785740269792,0.17468329953714648,0.31135933441113733,-0.01834871694102302,-0.018825644523568445,-0.01881428871114948,0.3835274149882343,0.40937402502001485,0.3977491004388422,-0.016401555467304374,-0.016347604400540297,-0.0166217845807103,0.4002125000882131,0.3925230072509558,0.42581014568826164
17,-0.01589215365091967,-0.01464859755104858,-0.017787864401633994,0.22434982785771138,0.18815488023427704,0.3475494211041542,-0.018504288978613937,-0.018959519414891875,-0.018970171905423716,0.39653265607521065,0.42205526320999814,0.41069651953047875,-0.016401771382854355,-0.01634785093765562,-0.016643821513183662,0.4004735813773468,0.3927388326767122,0.43366682474795065
18,-0.016170688717899617,-0.015137043835545691,-0.017813754622217178,0.23598962655877223,0.20017099571368063,0.3524734803110369,-0.01862530537601488,-0.01908143234591152,-0.019106967562753582,0.4074480831529676,0.43464238333183886,0.423207694619025,-0.0164024606784024,-0.016347881124514126,-0.016707837775613063,0.40115875034938797,0.39280881236142945,0.450021318646643
19,-0.01639612610108959,-0.01551628543779508,-0.017826498014609667,0.24724759388017406,0.21126969848039687,0.35363373466872433,-0.018758779431195624,-0.019192768260025403,-0.019227110779776277,0.42041722420611743,0.4471595556958851,0.43528758823193364,-0.016404068577615786,-0.016348065699469675,-0.016793811196304395,0.4025240523485204,0.3930602001868595,0.4660791986308604
20,-0.016577577716869855,-0.015822732104690544,-0.018043005601710918,0.2579639350640839,0.22190234376427187,0.37505417455848816,-0.01885992098856741,-0.019294851205304706,-0.01933287287901558,0.43095242269344297,0.4596428504257476,0.4469583414227501,-0.016407167141631315,-0.016348928466914266,-0.016944554246007007,0.4047881844124681,0.3938907995510412,0.49006169997338533
21,-0.01672496718727949,-0.01607765648254766,-0.018010831949890668,0.2680893886207621,0.23227426535722157,0.3718622204930819,-0.01897602070163497,-0.019388911078848034,-0.01942633633182066,0.4439236592945377,0.4721361909051484,0.4582586818395486,-0.01641269280160064,-0.016351100720678854,-0.017052439320892662,0.40823651346181405,0.3955750712175632,0.5045017067454917
22,-0.016849549464759587,-0.016291371653784473,-0.01824309026747078,0.2777618959516397,0.24237225558132308,0.3953200918286376,-0.019061416502678466,-0.019476044307086784,-0.019509365700524025,0.4541112852948382,0.48468177459488065,0.4692383961673398,-0.016421897589660325,-0.01635541860817902,-0.017268683606689192,0.4131160276334109,0.39836785481604947,0.5306361945990404
23,-0.01696115496674873,-0.016469930417347636,-0.018227565208619387,0.2871889870304416,0.2520934682320244,0.39366201896638464,-0.019163968712053562,-0.019557179506981215,-0.01958358860110027,0.46719398422834735,0.49730780664560525,0.47995076272610915,-0.01643658307641976,-0.01636313364763287,-0.017399182433716468,0.4196221516739858,0.4025672689002089,0.545735855677711
24,-0.01706635870321094,-0.01661963230247165,-0.018429295109569546,0.2964974307954726,0.26138367232398774,0.415043065693794,-0.019236882555754883,-0.019633063827966927,-0.01965039331168111,0.4770847143678372,0.5100178469477344,0.49044541159793154,-0.016459978096686093,-0.01637583921919677,-0.017627825963836215,0.4280753167995391,0.40840612129204534,0.5740606758203536
25,-0.01716799854958739,-0.01674804103784933,-0.018418361644824525,0.3056449590355479,0.2703004138019454,0.4138502995024745,-0.019328574405374263,-0.01970427357717376,-0.01971094310317405,0.49030871222150735,0.522785131087227,0.5007632455828053,-0.016496846508409765,-0.016395713699965606,-0.01774902876581623,0.4388471206922732,0.41604634686756364,0.5909515819729984
26,-0.017265747407045548,-0.016862709415832237,-0.01859923342576592,0.31443581296260964,0.27897664159616364,0.43341972614743374,-0.019391398435435084,-0.019771248264261184,-0.019766203210640387,0.4998713971923951,0.5355544715133895,0.510934194594349,-0.016551207817837827,-0.016426362955838266,-0.017932793937917232,0.4519008649349528,0.4257388843530077,0.6173357217236339
27,-0.017357734892086637,-0.016969680790682187,-0.018591568163034478,0.3226381425888982,0.287535683557354,0.43259723830574387,-0.019473862664318945,-0.01983433988278542,-0.01981697462404901,0.5130795014139197,0.548252308504359,0.5209778450680651,-0.01662409062714432,-0.01647267671491516,-0.018056675366886262,0.46663989445972126,0.4377411450485768,0.6364963609152867
28,-0.01744248037647161,-0.01707267150696917,-0.018772302341630683,0.33012008554729033,0.29601732200936043,0.451279759701872,-0.019528426258432,-0.019893865464409452,-0.019863928866400163,0.5222079063137088,0.5608030852744256,0.5309064030690892,-0.01671568709935029,-0.016538340534777988,-0.01817464530562936,0.48245388890617663,0.45191315537399107,0.654028788888692
29,-0.017519797636885766,-0.017172915514878942,-0.018768382933809488,0.33689630378599245,0.304348220255294,0.4508772639897542,-0.019602672032051845,-0.019950149237882617,-0.019907638943651676,0.5351142336170246,0.5731477518756081,0.5407290239084445,-0.016828459220676214,-0.016624023648519434,-0.018269197441626365,0.49920694866725235,0.46764527065026235,0.6665270760976741
30,-0.017590375266096234,-0.01726968950207736,-0.018928891348542202,0.34307588275109757,0.31237347456603265,0.4674305696922863,-0.01965059670166158,-0.020003543351614486,-0.019948603215703676,0.5437330925927614,0.5852591176728196,0.5504563234204558,-0.01696363477106228,-0.016730108928319207,-0.01834302401674998,0.5168989929112988,0.48440339074985966,0.6747358242282858
31,-0.017654966832296223,-0.017361477341979736,-0.018914950333980777,0.3487889031280968,0.31993744726989964,0.4659405428578301,-0.019717467610637987,-0.020054422093666643,-0.019987260718322738,0.5561063887352075,0.5971495169682797,0.5601039308006643,-0.017115475321380122,-0.016859235939377052,-0.01838178929345495,0.535261973719848,0.5021063742484125,0.6781323311034698
32,-0.01771402712227849,-0.01744719925976784,-0.01905408070151444,0.35414775778329494,0.3269616041040926,0.48133738580092184,-0.0197603031072598,-0.020103152179772366,-0.02002399816458232,0.5642738814952861,0.6088685295061057,0.5696942394427009,-0.01727297099319604,-0.017011817478661092,-0.018400286096051263,0.5538859019291418,0.5207586007532844,0.6790580131739128
33,-0.017767929367780214,-0.01752673198168547,-0.01904040801521288,0.35924693556453485,0.3334664245588304,0.47969537765225967,-0.019820654933201218,-0.020150048382376388,-0.020059150212521856,0.5760834740342814,0.6204911854203824,0.5792559631854455,-0.017427923636454293,-0.017180127062993492,-0.018408049396295038,0.5725666132673818,0.5400712166753491,0.67897138178374
34,-0.017817393083063973,-0.017600594894156992,-0.0191598432545385,0.3641795057018593,0.33953711157843885,0.49406300901352884,-0.019859761504280978,-0.020195328080328704,-0.020092995464095265,0.5840025383313671,0.6320992400046547,0.5888215745163504,-0.017576927700300168,-0.017351243809216158,-0.01841121554962409,0.5912134605539445,0.55960447799453,0.6786292589147783
35,-0.01786367156009612,-0.0176693722092184,-0.019154968921896828,0.3690472605492631,0.3452752998395568,0.4934497592923344,-0.019914335286704384,-0.020239079897832694,-0.02012575107346375,0.5954027767642777,0.6437595814200685,0.5984230894913503,-0.017716426531287913,-0.01751580320549019,-0.01841235316831384,0.6093936595711829,0.5790524210885253,0.6783512618726223
36,-0.017908364384804074,-0.017733436391763932,-0.01925750091902861,0.3739535737403809,0.3507711029320595,0.5063095672396828,-0.01995067527933053,-0.02028126022515024,-0.020157568883240037,0.6033366111527302,0.6555049885172545,0.6080869482419725,-0.017841138386317897,-0.01766952040612518,-0.018413083369985272,0.6262293741087038,0.598109082011232,0.678091812114253
37,-0.017953023413367856,-0.01779311708767251,-0.01924981349897104,0.3789813064640887,0.356101803332461,0.5052957248611505,-0.019999915490498135,-0.0203217259041008,-0.020188535719821918,0.6145137229806307,0.6673231436544165,0.6178289434496681,-0.017947904656594686,-0.017808725022987967,-0.018413687409397476,0.6408933331827116,0.6161196573147886,0.6778166038066122
38,-0.017998745680758585,-0.017849074045989507,-0.019331389618100107,0.38416593237352203,0.3613451322392311,0.5166759444987666,-0.020033956989375826,-0.02036030077575968,-0.020218679798595166,0.6226604430695839,0.6791589079791899,0.6276502736340407,-0.018037229448824785,-0.017929673458480802,-0.01841421863266762,0.6530013204316489,0.6321627732232161,0.6774784896135111
39,-0.018045891526421123,-0.01790250174265162,-0.019321085030554578,0.3894793171488013,0.3665895095595982,0.5150697819392817,-0.020078039197736916,-0.020396860171161393,-0.020247984019695183,0.6336721131130658,0.6909312049263181,0.6375357770878121,-0.018110436417543573,-0.018030860733564958,-0.018414516417891838,0.6624695757149632,0.6455217151052358,0.6771353500999682
40,-0.01809408213114717,-0.017954984569884803,-0.01938777022509193,0.39484018238084784,0.37192874278618676,0.5257916648942621,-0.020109884996016528,-0.020431407068422343,-0.02027640532042701,0.6420742258184936,0.7025599814683174,0.6474551263050097,-0.01816820171220579,-0.018112463801083282,-0.018414519502952812,0.6693589721285611,0.6558763329642348,0.6768831896723314
41,-0.018142548183732458,-0.018008093882132984,-0.019384632006247963,0.40015265340288875,0.3774400654447805,0.5252280530661383,-0.020148991780230104,-0.02046411375025904,-0.020303897514484078,0.6528097130969094,0.7139936020073827,0.6573671728247333,-0.018211907007992804,-0.018174810484382294,-0.018414747947726143,0.6739523639914873,0.6632098746701423,0.6771052098023753
42,-0.018190622220546956,-0.01806291713685682,-0.019442012996536532,0.40534942809037966,0.38315545625229247,0.5353157985251157,-0.020178683866355015,-0.02049531500630304,-0.020330433751240287,0.6613635571611973,0.7252261729032697,0.6672268206166087,-0.018244158107372562,-0.018219403884520202,-0.018416944434237966,0.6767250425441881,0.6678344144954467,0.6781998768694544
43,-0.018238000139087288,-0.018119721352973905,-0.01944436736057288,0.4104093955214545,0.38904427351396614,0.5357278624680109,-0.020213317461177778,-0.020525456229253055,-0.02035602442027251,0.6716502415125336,0.7362985235607336,0.6769930345163607,-0.018267596094673752,-0.018249648648897263,-0.018421782834060322,0.6781674643609681,0.6703557418002433,0.6800461331808505
44,-0.018284625850953293,-0.0181779769474093,-0.0195031512061587,0.41534375520969746,0.3950254368106148,0.545826754271218,-0.020241118633787584,-0.020555011950162197,-0.020380727218783323,0.6802120268819896,0.7472830749041178,0.6866361811634719,-0.018284081899569704,-0.018269202734672415,-0.01842664636655517,0.6786973842300148,0.6714361089675358,0.6819816448063156
45,-0.018330400964480922,-0.018236812739676537,-0.01950378610815662,0.4201706885301721,0.4010093450502154,0.5459350210658068,-0.020272192917807734,-0.020584393490714784,-0.02040464788662188,0.6899654268375817,0.7582578705784045,0.696143049315753,-0.018294875761745835,-0.018280697534692584,-0.018428641730746317,0.6786730139348687,0.671644221284065,0.6832426694558487
46,-0.018375019863601124,-0.018295581115536416,-0.019559386318121878,0.42490093784479305,0.4069412001843483,0.5558581610577327,-0.020298651505330837,-0.02061386349403009,-0.0204279320981055,0.6984642896409432,0.7692773328931171,0.7055185415156714,-0.01830119097346823,-0.018286264130251865,-0.018428925412347263,0.6783992921595519,0.6714529441405637,0.6837073678714083
47,-0.01841807428650706,-0.01835404911872501,-0.019556954551386826,0.4295418913069405,0.41281236211067696,0.5553991042192462,-0.020327299239698185,-0.02064347649176597,-0.020450750477597746,0.7077527695991273,0.7803481062253401,0.7147838798475553,-0.018304477433948026,-0.018288301548729683,-0.018428991458152508,0.6780903480225597,0.6712031728787342,0.6838442241698606
48,-0.018459317687193014,-0.018412117341269008,-0.019609099498699864,0.4341114104672405,0.4186373943179553,0.565457545756336,-0.020353069942198224,-0.02067306664643614,-0.020473279350958565,0.7162212323706675,0.7914185067867351,0.723971887663334,-0.01830612326653774,-0.018288924246526287,-0.0184293783052582,0.6778377776913926,0.6710317719968173,0.6841239807539305
49,-0.01849883038191012,-0.01846945004008554,-0.019610799111470498,0.4386455012695969,0.42442550158124814,0.5658054127838841,-0.020380307483728162,-0.020702296492239803,-0.020495679828684558,0.7252128625607503,0.8023878373439824,0.7331203060368534,-0.018307057541833805,-0.018289190681276987,-0.018431571315671632,0.6776408114753812,0.6709177217182538,0.6848045858252904
50,-0.018536937384721012,-0.01852545264400469,-0.01966018567877553,0.44319104799721204,0.43017436047117746,0.5759632677779419,-0.020405859990951916,-0.02073075766527578,-0.020518077592607206,0.7337263732669456,0.8131347697980804,0.742264205407063,-0.018307749155885237,-0.01828943793785182,-0.018436292844126165,0.6774645203343774,0.6707992654335642,0.6855069064548295
51,-0.018573968162154283,-0.018579647502403433,-0.019662613780709878,0.4477884287537806,0.4358888028629994,0.5764568949020936,-0.02043229236798672,-0.02075808643815459,-0.02054054569242668,0.7425756458762492,0.8235539364680626,0.7514285230952873,-0.018308404468440006,-0.018289752074563796,-0.018441530010869525,0.6772709633099789,0.6706256692644561,0.6857141802018032
52,-0.018610059934311415,-0.018632035173244913,-0.01971312949540221,0.4524565192242212,0.4416004113457324,0.5868470870777992,-0.020457684824991704,-0.020784045990467733,-0.020563092763001375,0.7511563099783014,0.8335839040867217,0.7606217433108923,-0.01830908127306698,-0.01829002589696267,-0.01844473920278673,0.6770282255681175,0.67038647014283,0.6853951509183394
53,-0.01864515029047792,-0.018683019675074634,-0.019712988506650316,0.45719095840577545,0.4473619714425285,0.5868175743704795,-0.020483385454050148,-0.020808546420606654,-0.02058565900325093,0.7599058559317001,0.8432138454225462,0.7698317519614108,-0.01830970959090493,-0.01829007156408657,-0.01844616733032556,0.6767229949412367,0.6701711970134121,0.6848837970856301
54,-0.018679156651674692,-0.01873297278671793,-0.01975721407906582,0.461977643776791,0.4532174161913309,0.5964897932328977,-0.02050824925430962,-0.020831609537516557,-0.020608121560673945,0.7684606250076037,0.8524681905979062,0.7790248129472489,-0.01831013018915473,-0.018290094640474704,-0.018446487788075106,0.6763858526673867,0.6702019547443554,0.6844544749424878
55,-0.018712182437318096,-0.018781906174797473,-0.019754944583431574,0.46681097447788333,0.4591752315987972,0.595958683806988,-0.020532888076811764,-0.02085331236773313,-0.020630309432966384,0.7770180314755933,0.861379792715514,0.7881482479642048,-0.018310247880454492,-0.018290876628663064,-0.01844647616834876,0.6761144722692944,0.6707174094940739,0.684428889222414
56,-0.01874456167343121,-0.018829617145002756,-0.019791587837537646,0.4717006883068317,0.465213656009737,0.6046535452143064,-0.02055665999018265,-0.02087374650861007,-0.020652025900589357,0.7853639582427927,0.869966474566755,0.7971366890787326,-0.01831022972322355,-0.018292829869115682,-0.018447037282354802,0.6760523454564498,0.6717328338294908,0.6848368127696282
57,-0.018776697683611666,-0.018876173912615687,-0.019790443337181784,0.47666016138026857,0.47131604691965384,0.6043594816439993,-0.020579822340201285,-0.02089301358618239,-0.020673074547226996,0.793574222423063,0.8782228115470093,0.8059208639183134,-0.018310440085610554,-0.01829512412736106,-0.01844916275521025,0.6763009083311355,0.6729589508425895,0.6858848228550586
58,-0.018808809478186177,-0.018922165540733185,-0.019819089470710705,0.4816847867216799,0.47749705390465985,0.6119443349437114,-0.0206020759707578,-0.020911251441250653,-0.020693283920793722,0.8015400690507409,0.886130565791614,0.8144371126507033,-0.018311068815972054,-0.018296578264859156,-0.018452613509425023,0.676837184090243,0.6739830640139277,0.6873498193207438
59,-0.018840752217318495,-0.018968339417163024,-0.019817155525013022,0.4867375951454011,0.48378171614778503,0.6113989061854975,-0.020623562673700187,-0.020928663533477828,-0.020712526319358313,0.8092996910148986,0.8936800509081191,0.8226355852328596,-0.018311909030548575,-0.018297163972836653,-0.018457201328035064,0.6775169094546842,0.6745970384874824,0.6891654467803359
60,-0.01887204573371143,-0.019014893566652095,-0.01984151318101263,0.4917558921716834,0.49015201005998676,0.6181918481174656,-0.020644204600858487,-0.020945517560790286,-0.02073072792885362,0.8168205427592276,0.9008867467088848,0.8304854794065338,-0.018312562483851266,-0.01829751593521772,-0.018463191805699167,0.6781454867910361,0.6749588534420705,0.6913139443811231
61,-0.01890212265443191,-0.019061076938044316,-0.019840650354761746,0.49667818701132854,0.49651913569033057,0.6179460236536475,-0.020664123026826024,-0.020962092907286026,-0.020747869909068246,0.8241402322155242,0.907789426122206,0.8379765896429539,-0.018312856048425984,-0.018298217771952105,-0.018471867815252733,0.678579146417325,0.6753612690426217,0.6940227460416126
62,-0.01893062654952406,-0.01910559333932826,-0.019863814674973997,0.5014733274442578,0.502763670306077,0.6242138830080802,-0.020683352441108974,-0.020978581440647723,-0.02076398213341835,0.8312698786822711,0.9144274371053455,0.8451174552435101,-0.018312927888752883,-0.018300175844985663,-0.018483943718165807,0.6787959228183671,0.6759291629150005,0.6972850663902075
63,-0.018957541023886873,-0.01914753550887743,-0.0198638330587554,0.5061510395268022,0.5088162113810131,0.6242185741796592,-0.020702000063743172,-0.02099497246385086,-0.020779132483324244,0.838246886233346,0.9208071381017777,0.8519311358696698,-0.018312942138737288,-0.01830403549775124,-0.01849946106363542,0.6788746016713871,0.6764819020098508,0.7008789861702864
64,-0.01898310258185681,-0.019186896421674437,-0.019888710290849206,0.5107501124839371,0.5146984431633399,0.6300632815093387,-0.02072012875959088,-0.021010979104081676,-0.020793414716899203,0.8450931030593135,0.9268746960915263,0.8584499168179324,-0.018312960437726778,-0.018308918456823822,-0.01851683892242723,0.678928847886906,0.67669134773614,0.7044162098858657
65,-0.019007630525473548,-0.019224275103143455,-0.019888788424452134,0.5153176978289946,0.5204905884634491,0.6300798830502604,-0.020737814570856786,-0.021026077676446705,-0.02080693725243876,0.8518324904988824,0.9325145729699179,0.864710104422405,-0.01831306993555472,-0.018313047189651713,-0.01853100658892444,0.6790558041324337,0.6764305364344181,0.7071430594713546
66,-0.019031415638163254,-0.019260392551014097,-0.019914700653353153,0.519894616348081,0.5262774810411934,0.6352202766152932,-0.02075510465325198,-0.02103969310931109,-0.020819814194075196,0.8584747631295925,0.9375861069180121,0.870747701078875,-0.018313500046443946,-0.018315493844095605,-0.01853928696814056,0.6792889398441484,0.6758647487404923,0.7086865156814924
67,-0.019054714560884315,-0.01929597046301756,-0.019913377077083013,0.5245128274204051,0.5321296855446905,0.634974448951951,-0.020772040446386635,-0.021051454987959586,-0.020832158974199225,0.8650222968834281,0.9419869491402718,0.87659533812327,-0.018314525994337524,-0.01831622623040879,-0.018543836127027865,0.6795723749957356,0.6752886254979182,0.7093980035552028
68,-0.019077807061014532,-0.019331839817031408,-0.019938268094683465,0.5292016336605946,0.5381156576708643,0.6392336200428264,-0.02078864773291018,-0.02106135843641572,-0.020844080300876686,0.8714664988063308,0.9457041069031692,0.882280505873421,-0.018316238747867416,-0.018316113001491316,-0.018546285599528315,0.679788760976601,0.6750863202294981,0.7095877211019892
69,-0.019101032524522957,-0.019368812144211545,-0.01993776342465332,0.5339931785324548,0.5442988311580025,0.639153439441596,-0.020804948640711182,-0.021069721252519893,-0.020855679716538008,0.8777929950265598,0.9488155951236196,0.8878248886852124,-0.018318427043940374,-0.018317009894863286,-0.018547200597450696,0.6798250500610762,0.6755676380835696,0.7094578059801775
70,-0.019124743503997014,-0.019407135411070694,-0.01996303350347027,0.538918734427059,0.5506941376383487,0.6426426564997599,-0.020820961806062025,-0.021076993201392266,-0.02086704994674725,0.8839836772855585,0.9514443967740303,0.8932444830791451,-0.01832071144817154,-0.018320526781337384,-0.018547256729313608,0.6796310307561874,0.6768173556229888,0.7092758165542521
71,-0.01914917568031059,-0.019446002459789224,-0.0199639070441891,0.5439950690007094,0.5572259951913897,0.6427463042339276,-0.02083670716499518,-0.021083552860310602,-0.020878273275591983,0.8900210575889413,0.9536987940354935,0.8985501342474284,-0.018322767210748495,-0.018327628052010866,-0.018547422941252764,0.6792276474663252,0.6788299454948645,0.7094159925198693
72,-0.019174297298386447,-0.019483920510372895,-0.01998967171524728,0.5492093546335131,0.563759638968241,0.6453125835298956,-0.02085220463081827,-0.02108957250145417,-0.02088941937125399,0.8958906762480392,0.9556309741305075,0.9037481569516312,-0.01832436327017079,-0.01833875114566153,-0.018549342638649335,0.6786827645997862,0.6815556364368374,0.7104058198849557
73,-0.0191997476059569,-0.019519946433372463,-0.01998938008718099,0.5545156378118462,0.5702091905665584,0.6452883465022745,-0.020867471775877937,-0.02109497474891076,-0.020900542265372416,0.9015828821146211,0.9572293108078934,0.9088407936113222,-0.018325318419198558,-0.01835372994454755,-0.01855500918707032,0.6781086380299013,0.6848749831798737,0.7126899501437802
74,-0.019224961265043024,-0.01955445462237382,-0.02001343974038527,0.5598514487568805,0.576614749598423,0.6469674044386321,-0.020882518378877127,-0.02109950079278073,-0.020911676541336813,0.9070928516758983,0.9584475060625158,0.9138263810514501,-0.01832562510023807,-0.01837151772758205,-0.018567042384000584,0.677662831071228,0.6885145196457088,0.7166485429081318
75,-0.019249450081809786,-0.01958861995861695,-0.020012312013413133,0.5651690587397004,0.5830961156956405,0.6468978433072761,-0.020897340552647754,-0.021102878971266278,-0.020922833190672577,0.9124195206372504,0.9592565497545564,0.9186992230167977,-0.018325603185990344,-0.018390348455606206,-0.018587759203696427,0.6774981192804291,0.6920658939297405,0.7223569678608146
76,-0.019273056879593405,-0.01962344939845118,-0.02003148197742555,0.570462096066949,0.5897402191490303,0.6479419996151384,-0.0209119154089586,-0.021105004963353883,-0.02093399601457224,0.9175636004153536,0.9596859071285639,0.9234492819428344,-0.018325767052479,-0.018407101008130245,-0.018616193700635816,0.6776967657809402,0.695050172533655,0.728989318000639
77,-0.019296008157337462,-0.019659346980658812,-0.020030684879963415,0.5757699054139193,0.5965411120856797,0.6479013624751739,-0.02092619839775294,-0.021106027800935276,-0.020945119792586505,0.922525354456867,0.9598279833353622,0.9280619041170796,-0.018326578753520856,-0.01841774963992276,-0.01864986585715867,0.6782734620776053,0.6969477783501398,0.7355383626676111
78,-0.01931877166694113,-0.019696302959782534,-0.02004423471571242,0.5811585318017706,0.6034304121169387,0.6485473711115567,-0.02094012463317553,-0.02110631205793168,-0.02095613156362232,0.9273026761469686,0.9598127486914276,0.9325178689189567,-0.018328364760117354,-0.01842226060766926,-0.01868286263191489,0.6792162772394206,0.6977261763315339,0.7409069584392778
79,-0.019341846489531477,-0.019734010909021313,-0.0200436818724436,0.5866908616982335,0.610322357784677,0.6485210205086548,-0.02095361503210731,-0.021106304207689882,-0.020966936087189317,0.9318900535918785,0.9597729018117566,0.936794079388147,-0.01833131175701613,-0.018423440965513335,-0.018706627035872517,0.6805013266158789,0.697838747724237,0.7441002539216085
80,-0.01936559616211629,-0.01977141441627261,-0.02005261438135887,0.5924007056541529,0.617090278519106,0.6489773671831217,-0.02096658680217778,-0.021106350994137282,-0.020977425763851185,0.9362788049716285,0.9598081483209634,0.9408651426514004,-0.018335525355707098,-0.018423323857247053,-0.018720619203259528,0.6821024632867672,0.6977468087121451,0.7454127707257961
81,-0.01939018291312249,-0.019806552720415996,-0.02005202191351235,0.5982821150268213,0.6235411953705885,0.6489421375517312,-0.02097896653745711,-0.021106579976930592,-0.02098749407974053,0.9404586752055292,0.9599594623699371,0.9447058862471848,-0.018341151562960845,-0.018424277842106276,-0.018727998122507476,0.6840100154859136,0.6980564133150504,0.7455852916206814
82,-0.019415614754783202,-0.01983777884760168,-0.020058303933028307,0.6042979755010439,0.6295084658821946,0.6493716424654877,-0.02099070312177416,-0.021106952649507744,-0.020997050360849815,0.9444204613078935,0.9602162062442519,0.9482945360948574,-0.018348376247754,-0.018429727955541594,-0.01873060152121632,0.686221448949656,0.6995632280549927,0.7452283883359955
83,-0.01944184916889868,-0.019865125253907864,-0.02005799678491933,0.6103997149370392,0.6349899617496068,0.6493471014576392,-0.02100177741548738,-0.021107422737096652,-0.021006032826175018,0.9481589583574818,0.9605572467904697,0.9516159476073652,-0.01835725602748051,-0.018443035126017682,-0.018730816363447086,0.6886978756642717,0.7028937412148223,0.7449284340971275
84,-0.01946884276164905,-0.019889900737176013,-0.02006289935614776,0.6165408097322908,0.6401349586853798,0.6497716477691573,-0.021012206474474552,-0.021108041685175258,-0.021014417080138834,0.9516753550952471,0.960994852939064,0.9546640986565353,-0.0183676095397891,-0.01846709168175414,-0.0187309593923599,0.6913397013154401,0.7082863352999561,0.7450391319406592
85,-0.019496474110534737,-0.019913349950453282,-0.020062773515550632,0.6226728182637037,0.6450915000498765,0.6497594757424916,-0.021022041573275044,-0.02110899592897531,-0.02102221835008254,0.9549783661403108,0.9615956099599038,0.9574431538253343,-0.018379040380676784,-0.018500981905092848,-0.018732678697013724,0.6940028708194069,0.7151596712364301,0.745759190063321
86,-0.019524388578176618,-0.019936132465626807,-0.020066743037528242,0.6287310028675535,0.6499183975524825,0.6501725634913191,-0.02103136091261277,-0.021110617699140136,-0.02102948749621358,0.9580837999977058,0.9624683797412178,0.9599667882213901,-0.0183908388671068,-0.018536616025173185,-0.01873670849169067,0.6965104988793782,0.721702149334718,0.7470729351927937
87,-0.01955192094968404,-0.019958729798310485,-0.020066606033337528,0.6346293375221879,0.6546313348215625,0.6501569062752671,-0.02104025892537031,-0.021113296406854828,-0.02103630233739056,0.9610127296769625,0.9637139143406409,0.9622559521807758,-0.018401854673768762,-0.01856590995421105,-0.018742955024661074,0.6986603871879171,0.7263675453343658,0.748817055988713
88,-0.01957823967059807,-0.019981765174245825,-0.02007037465168904,0.6402788580859192,0.6592590950517585,0.6506069635857705,-0.02104883427448588,-0.021117225636146045,-0.021042756530100078,0.9637887499932095,0.9653557387132533,0.9643356401764518,-0.01841089113977401,-0.018583990382957216,-0.01875134707549531,0.7002889803705501,0.7285877863817096,0.7508776396146576
89,-0.019602677035479573,-0.02000567770872734,-0.020070376016093464,0.645622007749875,0.6638057797607027,0.6506071294478866,-0.021057178180827755,-0.021122132930224205,-0.021048947992725782,0.9664348880289207,0.9673002815335005,0.9662313553649388,-0.01841744208786272,-0.01859036459625096,-0.018761353208541928,0.7013562177486284,0.7288967340121758,0.7530424856040514
90,-0.019625002557182917,-0.0200303856163333,-0.02007498400469394,0.6506577652207537,0.6682021666671001,0.651160574430895,-0.021065364120779192,-0.02112724254894681,-0.021054968069299615,0.9689706427363827,0.9693467279277751,0.9679658503590726,-0.018421790117409284,-0.018590297859883583,-0.018772773580119636,0.7019408072041208,0.7286243710609636,0.7551499329006733
91,-0.019645431125019916,-0.02005555726691334,-0.020075200490865027,0.6554381253117861,0.6723480462369055,0.6511851802022689,-0.02107343960232326,-0.021131614481921086,-0.021060891863102178,0.9714094991247775,0.9712416942276174,0.9695565067812172,-0.018424450585202437,-0.018591704403245483,-0.018785235479749366,0.7021601699363736,0.7289959740792845,0.7570867735039617
92,-0.019664411780268995,-0.020080872099886023,-0.02008127751840438,0.660040485966965,0.6761658023209043,0.6518522868118594,-0.02108142075889314,-0.021134734094040084,-0.021066769872215188,0.9737571924387209,0.972788930692732,0.9710135360884208,-0.018425823596367505,-0.01859757478261626,-0.018796062390164296,0.7021292396175798,0.7302712047725355,0.7585915031109013
93,-0.01968239040279979,-0.020105693786506076,-0.020081484444782808,0.6645359107723189,0.6795811825999357,0.6518738284332083,-0.021089290660157474,-0.021136789010184273,-0.021072621308419696,0.9760109960387214,0.9739572143538817,0.9723391172314672,-0.018426272539508733,-0.01860604682547533,-0.01880279621277575,0.701978439626274,0.732048604614672,0.7595230586174178
94,-0.019699676349120784,-0.020129060458403843,-0.02008829744412482,0.668969594820311,0.6825228092168472,0.6525817878515947,-0.021097002142530966,-0.021138330621708383,-0.021078430016896514,0.9781602934990482,0.9748737934952905,0.9735276122366596,-0.01842626816988807,-0.01861591958775939,-0.018806189643670215,0.7018684408052047,0.7339655825946706,0.7600365806191242
95,-0.019716436189569073,-0.02015054036599278,-0.02008813948574457,0.6733592965063961,0.6849866550409622,0.6525653984451979,-0.021104485328694748,-0.021139876211787714,-0.02108414428240391,0.9801885627957452,0.9757183742452373,0.9745670244361325,-0.01842639872736296,-0.018628599693238598,-0.018807820579892224,0.7019798175771059,0.7360553967826179,0.7603137553459686
96,-0.019732774077391105,-0.020170605413180446,-0.0200949236538821,0.6777081864955501,0.6870444546780553,0.6532618587052018,-0.02111165888492421,-0.02114177056513024,-0.02108968159190732,0.982076599170327,0.9766163960985564,0.9754417711810749,-0.01842732201946891,-0.01864334139992446,-0.018808655811762668,0.7024987886287144,0.7382065754770154,0.7604557837446905
97,-0.019748822468891595,-0.020189839724516222,-0.020094833758702076,0.6820209262472523,0.6887650707395174,0.65325296948185,-0.021118442890523906,-0.021144036180731015,-0.02109493849200112,0.9838064091162765,0.9775730558401949,0.9761365720563618,-0.01842969795156357,-0.018654881500709975,-0.01880915945940709,0.703596248151909,0.7399553652847323,0.7605149287508454
98,-0.01976477224478805,-0.02020816917150608,-0.020101510954685927,0.6863103647215673,0.69017037448857,0.6538640418708606,-0.021124770571168575,-0.021146279308267516,-0.021099804316837553,0.9853649087036527,0.9784775725007888,0.976640862161808,-0.018434146743955052,-0.01866115974600889,-0.018809427316438646,0.7054042657929961,0.7410483600007882,0.7605070448547409
99,-0.01978082655579698,-0.020224924886602783,-0.020101429844656633,0.6905906299635874,0.6912679225159475,0.6538572047756914,-0.021130596475464544,-0.02114797964374298,-0.021104176366042,0.9867465445374785,0.9791973078730859,0.9769528077687962,-0.018441352647485542,-0.018664578607713648,-0.018809470321999037,0.7080224631452183,0.7416965372331802,0.7604668092114989
100,-0.019797120956779542,-0.020239368498544397,-0.02010632701638472,0.6948638133809513,0.6920908315270702,0.6542447788364177,-0.02113589985473792,-0.021148919158966287,-0.02110797366240348,0.9879542764044364,0.9796726675684004,0.9770819390506249,-0.01845206408839645,-0.018666515368439673,-0.01880947855715519,0.7115055314822173,0.7420154036944324,0.7604770428596055
101,-0.019813671134266533,-0.020251093705870478,-0.020105950844840622,0.69911191200012,0.6926999824248463,0.6542141346599286,-0.021140683490883314,-0.021149273203422428,-0.021111146924074106,0.9889988776103574,0.9799279553686623,0.9770497185626479,-0.0184665801812775,-0.01866746331407187,-0.018809636758661336,0.7157578256778712,0.7420513293453799,0.7605988816920877
102,-0.019830389066599605,-0.020260156705340496,-0.020108152523080056,0.7033010403389034,0.6931642284179829,0.6544040954612441,-0.02114496935444253,-0.021149370000285335,-0.02111368355587119,0.989896980137883,0.9800368931911158,0.9768879326213142,-0.018484146964466767,-0.018667547437590748,-0.018810028662069475,0.7204479091076779,0.7419149953336226,0.7608580604637116
103,-0.019847159798329902,-0.020266947653283577,-0.020107941460575925,0.7073952383871535,0.6935417502227514,0.6543799824488711,-0.021148792891864998,-0.02114941653782694,-0.021115607710836985,0.9906685303165436,0.9800847219018809,0.9766353779056126,-0.018503244024587806,-0.018667780590011892,-0.018810742362758818,0.7251144568375563,0.7420080925099737,0.7612563509310902
104,-0.019863920540059973,-0.020271931433963983,-0.020108614882402967,0.7113693129688277,0.693871762101203,0.6544614668734334,-0.021152197480777027,-0.021149512732699896,-0.021116976284715885,0.9913342926127594,0.9801352003988031,0.9763336789842433,-0.01852240720649491,-0.018671747660164387,-0.018812025573314847,0.7293562017520577,0.7429769832669492,0.7618170182639009
105,-0.019880680205917448,-0.020275527338753693,-0.020108563668927062,0.7152112201635856,0.6941760426153087,0.6544524673803047,-0.021155229971537563,-0.021149765927769917,-0.021117871929082037,0.9919138392542063,0.9802071921743579,0.9760231175511553,-0.01854035600732262,-0.018678867239974525,-0.01881403774507406,0.7328772219861652,0.7445254851312473,0.7625137893355525
106,-0.019897469685108412,-0.0202781558755767,-0.020108715751471065,0.7189140418923066,0.6944657806261962,0.6544803480992306,-0.021157937594300735,-0.021150145140381164,-0.02111839402682912,0.9924242211374973,0.9802717502217202,0.9757391464031034,-0.018555771002077167,-0.01868221762893091,-0.01881609644994166,0.7354649197805508,0.7455053045724764,0.7631489986371208
107,-0.01991426846881343,-0.020280262918121347,-0.020108713965279138,0.7224661504240829,0.6947517635715564,0.6544815807941332,-0.021160366060006933,-0.021150427616543795,-0.021118648452175478,0.9928793184966195,0.9802907790949754,0.9755099513586198,-0.01856762253314748,-0.018682647560836704,-0.018817215438159788,0.737047846391429,0.7457203591033779,0.7635279952248228
108,-0.019930968282796776,-0.020282247695374775,-0.02010872491389037,0.7258485364169296,0.6950504837936328,0.6544789675309736,-0.02116255847240478,-0.021150506025875968,-0.021118737095703347,0.993289746859055,0.9802715582016076,0.9753551531657753,-0.01857562331075774,-0.018683036132509045,-0.01881746759771129,0.7377420477503097,0.7457935338050646,0.7636691584095167
109,-0.01994740719692067,-0.020284369337158034,-0.020108763530396253,0.7290417438962575,0.69537478877292,0.6544735965205111,-0.021164554650409565,-0.021150502490225695,-0.0211187485110822,0.9936631381748677,0.9802585284420541,0.9752855811903204,-0.018580164566141626,-0.018684956961541807,-0.01881747432472009,0.7378007059975811,0.7458989528953722,0.7636891971688605
110,-0.019963454071245765,-0.020286695523954453,-0.020108888876635315,0.732036807329084,0.6957204104402801,0.6544561859694668,-0.021166390555706308,-0.02115051634791321,-0.021118751267002064,0.9940046135511446,0.9802772065651455,0.9753039910008985,-0.018582048596353467,-0.01868646957263793,-0.018817473349873156,0.7375362359439258,0.7458683952853812,0.7636872054456362
111,-0.01997908050320717,-0.020289168227741974,-0.020109034124534637,0.7348412426449079,0.6960706499766478,0.6544298649299962,-0.021168097653666992,-0.02115053966144758,-0.02111878811475283,0.9943172995794322,0.9803173874442956,0.975395972027596,-0.018582375514488977,-0.018686857665989764,-0.018817507999105147,0.7372621014967514,0.7458262933751318,0.763693889928535
112,-0.019994368800857424,-0.020291758405806368,-0.020109202233281658,0.7374755713327129,0.6964137282149195,0.6543833714766589,-0.021169702154407596,-0.021150563481500458,-0.021118896157271135,0.9946028000552222,0.9803622954710629,0.9755803162990222,-0.018582349465767475,-0.018687223371823065,-0.01881769654320946,0.7372273042432234,0.7457989874374712,0.7636893362440429
113,-0.020009458090781904,-0.020294523968072072,-0.020109287194935713,0.7399635080684122,0.6967483451583205,0.6543437196218421,-0.02117122416614757,-0.021150624364464403,-0.02111907177564186,0.994861598580627,0.980436091882555,0.975826709202838,-0.01858296232217183,-0.018688310400778004,-0.018817829891864476,0.7375698913304198,0.7456941135598213,0.7636580515088945
114,-0.020024469633789895,-0.020297513580636535,-0.02010933550965293,0.742322563798989,0.6970732883723634,0.6542960434419949,-0.021172676856015697,-0.021150875365872165,-0.021119314278407634,0.9950934133675916,0.9806274593602989,0.9761263610672123,-0.01858482976335418,-0.018688907876153533,-0.018817850839109033,0.7383231680724411,0.7454025851438035,0.7636269320160792
115,-0.020039452804175024,-0.020300617864497054,-0.020109337485403108,0.7445600185620215,0.6973775585891944,0.6542893312490983,-0.021174065778025945,-0.021151575711711654,-0.02111961951599771,0.9952975404237777,0.9810326799916166,0.9764717444166743,-0.018588113309739404,-0.01868881435459224,-0.01881785798644221,0.7394311211417797,0.7453734463928501,0.7636372362099343
116,-0.020054372904016526,-0.020303486886534824,-0.02010933639611256,0.7466752712722264,0.6976402030294188,0.65428160419105,-0.021175388605983073,-0.02115275615841468,-0.021119984464318828,0.9954732073374817,0.9816497825901603,0.9768580418563849,-0.01859252968000664,-0.018694935359283908,-0.018817865901783356,0.7407716117814261,0.7463302927384524,0.7636533329088201
117,-0.020069136724777,-0.020305709602508673,-0.02010934935226139,0.7486660000042366,0.6978423897437992,0.654303513623757,-0.02117663557977107,-0.021154108351769625,-0.02112041041410095,0.9956199317480039,0.982368691468711,0.9772838378994753,-0.018597649386020088,-0.018702609861473554,-0.01881786540518499,0.7422184399390573,0.7474285120741846,0.7636538172668373
118,-0.02008363081975834,-0.02030713337990708,-0.02010937917632473,0.7505338756569134,0.6979814103687363,0.6543351251246841,-0.021177790978297154,-0.02115543671619164,-0.021120904790272062,0.9957378538493803,0.9830995420934702,0.9777511564926337,-0.01860319898830455,-0.01870432489991448,-0.018817939646232476,0.7436890641570583,0.7477766906369188,0.7636231433397903
119,-0.02009774541297765,-0.020307840505048587,-0.02010944887451234,0.7522868235335605,0.6980662260533262,0.6543873197982495,-0.02117883579476148,-0.02115691373244434,-0.02112148193700252,0.9958280014391248,0.983863932228381,0.9782649558321712,-0.018609037726167618,-0.018704708895784527,-0.01881806673875391,0.7451297916521774,0.7478097818488725,0.7635726704943019
120,-0.02011137738190005,-0.02030800664687739,-0.020109546677529684,0.7539379361461939,0.6981061388894149,0.6544407093213244,-0.02117975146515018,-0.0211589393759996,-0.02112216313111724,0.9958924480720736,0.9847560226000143,0.9788321594581432,-0.018615026261681423,-0.018706540699977226,-0.01881821603060292,0.7464878210087953,0.7477718464332227,0.7634971413938986
121,-0.02012442860387363,-0.020307982786336165,-0.020109694144678,0.755503257010968,0.698112275459295,0.654503877495221,-0.02118052404292524,-0.02116177841596696,-0.021122975854297673,0.995934331294644,0.9858115602473877,0.9794602867917813,-0.018621008969241185,-0.01870716969017194,-0.018818337607921686,0.7477124819342648,0.7475080207307535,0.7634130087546489
122,-0.020136818220352567,-0.02030819502509573,-0.020109812408810948,0.7570003255112475,0.6980989048404749,0.654545074321451,-0.02118114781111913,-0.021164939763210086,-0.02112395217705397,0.9959577039924798,0.9868852452847466,0.9801557889592513,-0.018626810275286062,-0.01870741776787516,-0.01881841741794466,0.7487649903349829,0.7475765433968004,0.7633062837674999
123,-0.020148508431068253,-0.020308788822187056,-0.02010991954094056,0.7584477087498452,0.698077693978547,0.6545779863114624,-0.021181627242171878,-0.021167239371153675,-0.021125126122608154,0.9959672060986773,0.9877079638356365,0.9809222939730625,-0.018632141538845085,-0.018707840062727635,-0.01881840333203584,0.7496157562742449,0.7477581483566736,0.7632701313767307
124,-0.02015952391331077,-0.020309599575364365,-0.02010995155926403,0.7598645588562881,0.698054956105411,0.6545860466815158,-0.021181976624399582,-0.021168203272788347,-0.021126530092845423,0.9959675819765047,0.9881421278175442,0.9817590666591132,-0.018636577832285908,-0.018707842248165837,-0.018818663488327555,0.7502462499135519,0.7477535877351008,0.7634038539416639
125,-0.02016994543212379,-0.020310444396388197,-0.020109975734100546,0.7612692845178589,0.698031905038283,0.6545905300713494,-0.02118221746619187,-0.02116851491452782,-0.021128190715710322,0.9959631306995326,0.9883091775033425,0.9826600165491817,-0.018639779028928997,-0.018707751276874515,-0.018819989959284137,0.7506657342153921,0.7477234700893923,0.7637554080849932
126,-0.020179877186368777,-0.0203112403480893,-0.020109975339964378,0.762677274656679,0.6980049858748119,0.6545901924944748,-0.021182374581545146,-0.021168757233549426,-0.0211301246243677,0.9959572303771932,0.9883947912837386,0.9836134916103486,-0.018641740319523526,-0.01871080713677054,-0.018822143175881375,0.7509167599314296,0.7481897482535197,0.7641386874837448
127,-0.020189404949749315,-0.020311948965059053,-0.02010997558786098,0.7640984645922582,0.6979673119708651,0.6545905726926118,-0.02118247213305123,-0.02116916941161366,-0.02113233461465068,0.9959520781804381,0.9884703321928864,0.9846028983121576,-0.01864274936094434,-0.01871656115221026,-0.01882381154039686,0.7510549609517301,0.7489756511089039,0.7643762202841298
128,-0.020198565459256183,-0.020312506288759465,-0.020109976567644353,0.7655359415333405,0.6979131044695186,0.6545923961280521,-0.021182530708146793,-0.02116945825328687,-0.021134806448971588,0.9959487185882022,0.9884736387098532,0.9856079760631821,-0.018643165008858,-0.01871679647103402,-0.01882435021253727,0.7511260454726627,0.7491544369925037,0.7644559072090178
129,-0.02020734019327859,-0.020312818367065208,-0.020109978700017402,0.7669865808636874,0.697848854124942,0.654595013020691,-0.0211825659323373,-0.02116937856263311,-0.021137506493855054,0.9959473274921145,0.9884300536670213,0.9866064219697723,-0.018643281872560386,-0.018716718318872543,-0.018824394216416514,0.751158898268288,0.7491706855514054,0.7644708931592085
130,-0.020215674704952395,-0.020312897619447042,-0.0201099921132788,0.7684438023609483,0.6977993197895995,0.6546058273431362,-0.021182588533499094,-0.021169830550002558,-0.021140380538376698,0.9959476361801681,0.9885643499613149,0.9875755544613017,-0.01864329407162058,-0.018717305640455203,-0.018824395352841413,0.751170059560526,0.7490789143534411,0.7644713565539089
131,-0.02022351183006105,-0.02031289313431371,-0.020110024299646187,0.7699012870725093,0.6977855413539413,0.6546225956365341,-0.021182605403895712,-0.02117101757119983,-0.021143354483586615,0.9959493521686263,0.9889328447441725,0.9884938008755338,-0.01864329393741143,-0.018716232869081185,-0.01882445451589854,0.7511701983928976,0.7487269214244704,0.764473691129518
132,-0.020230820677134224,-0.020312919404511794,-0.020110129140976415,0.7713558730274943,0.6978021759236817,0.654662885687914,-0.021182621090337864,-0.021171818124214585,-0.021146337850519163,0.9959524596140344,0.9892952004120137,0.9893419362782506,-0.018643302590630084,-0.0187209112300547,-0.01882500502398449,0.7511675049392251,0.7493105031766905,0.7644538067047236
133,-0.020237609576879364,-0.02031299151533332,-0.020110272334173725,0.7728085376543102,0.6978281044267797,0.6547033753668237,-0.021182639187960164,-0.021172097505275326,-0.02114923086227099,0.995957334818428,0.9895077000310362,0.9901041219743333,-0.01864331514354732,-0.018722349577895033,-0.01882567361988596,0.7511675042670923,0.7496695332047473,0.7643642560650289
134,-0.020243924499111835,-0.02031307018617888,-0.02011057183274307,0.7742637985431813,0.6978443422532428,0.654775560740518,-0.021182663239568297,-0.021172322826330456,-0.02115193496740226,0.9959646689274811,0.9896557554676487,0.9907688317167522,-0.018643326572835187,-0.01872242649078824,-0.018825956384989587,0.7511724914898464,0.7496281670938479,0.7642414009115995
135,-0.02024984200742812,-0.020313102542919955,-0.0201107474987205,0.7757287257410799,0.6978435509270047,0.6548093343995697,-0.02118269692861347,-0.021172974818354277,-0.02115436522738233,0.995975239822325,0.9899398822059038,0.991329677022115,-0.01864333691348163,-0.018722096673603958,-0.018825950102492568,0.7511828881951758,0.7495357854573023,0.7642052886370112
136,-0.020255463002544386,-0.02031310012407532,-0.020111143296058773,0.7772124279914244,0.6978392646172309,0.6548864015690051,-0.0211827435951562,-0.02117427013563515,-0.021156461651421973,0.9959896149597823,0.9904261059693955,0.9917859816950912,-0.018643350438137144,-0.018724515765398894,-0.01882601587588241,0.7512009464554219,0.750127553358134,0.7642519834834904
137,-0.02026090682049741,-0.020313114729987706,-0.020111098574990507,0.7787258300430604,0.697849086560828,0.6548792748406314,-0.02118280535196537,-0.021175274937712665,-0.021158196239091556,0.9960078896115558,0.9908877693816934,0.992142826169613,-0.01864337879462646,-0.018724291017258973,-0.01882614753076207,0.7512359457182448,0.7503058922986162,0.7643233194210809
138,-0.020266302047844756,-0.020313151468695896,-0.020111559227354463,0.7802807723629265,0.6978728917304164,0.6549526758849278,-0.021182882231094644,-0.02117553758638417,-0.021159573670390678,0.996029557695336,0.991122566554979,0.9924103218514615,-0.01864345168391217,-0.018724032746224875,-0.01882621741509816,0.7513075874885646,0.7503775931011512,0.7643619774270047
139,-0.02027177184985607,-0.02031320499945977,-0.020111505727284387,0.7818876306410211,0.69790301608236,0.6549435041943249,-0.02118297176345945,-0.021175597389321718,-0.021160625792609286,0.9960535672307305,0.9911916992633313,0.992602115582039,-0.018643625123225756,-0.018724504068914627,-0.018826250380353075,0.7514411337414093,0.7500766447898891,0.7643807787747936
140,-0.020277415008672802,-0.02031331279985937,-0.0201118047028329,0.7835517122509613,0.6979441360425889,0.6549956017349513,-0.021183069194704415,-0.021175759192783652,-0.02116140210437984,0.9960785413578715,0.991283360581381,0.9927334320913335,-0.018643963335228705,-0.01872381312269121,-0.018826258808129756,0.7516520853322237,0.7499531840784361,0.7643886645295269
141,-0.02028328765644383,-0.020313539762958403,-0.02011177658272363,0.7852699395950782,0.6980033885765535,0.6549897410275066,-0.021183168281864964,-0.021176272705360093,-0.021161959311735187,0.9961030811388589,0.9914918836977347,0.9928191403199993,-0.01864448599031621,-0.018733793877481267,-0.01882625873478029,0.7519304056401986,0.7513973548403251,0.7643887092688739
142,-0.020289394183360857,-0.020313830313556668,-0.02011191499496206,0.7870299226154515,0.6980660397703943,0.6550223555934269,-0.02118326242734335,-0.021176699205414047,-0.021162352562423756,0.9961260406330377,0.9916865263937293,0.9928722781436715,-0.01864510724693697,-0.018733340450251827,-0.018826303856115282,0.7522349964442704,0.7515918258079884,0.7643767956771049
143,-0.020295695564376447,-0.020314021845019455,-0.020111916504375653,0.7888127786915728,0.698109739622264,0.6550269440741411,-0.02118334584772186,-0.021176809850387165,-0.021162629737068013,0.9961466879512659,0.9917705715851818,0.9929032491909586,-0.018645638066128,-0.018731482474533226,-0.018826398454169387,0.7525050192553501,0.7512832308536378,0.7643352153590811
144,-0.02030213504516647,-0.020314099416367123,-0.020111915856229515,0.7905989327517006,0.6981326762464468,0.655028596805419,-0.021183414516284756,-0.021176854683452602,-0.021162828929348107,0.9961647210525834,0.9917962031522406,0.9929196580800514,-0.018645922261363582,-0.018737856508119825,-0.018826386849516433,0.7526905644902047,0.7520907540046919,0.7643045000378297
145,-0.02030866829691351,-0.020314131386292164,-0.0201119173798957,0.7923739152004287,0.6981451229028914,0.655026976303578,-0.021183466699532697,-0.021177035338506348,-0.021162978420029496,0.9961801648252898,0.9918401921778365,0.9929265907186925,-0.01864598339504979,-0.018736360008585754,-0.018826543553361,0.7527787308205461,0.7521312197022785,0.7643619505142856
146,-0.02031528042007231,-0.02031414519806428,-0.020111921219289664,0.7941309361473047,0.6981526268915844,0.6550234251611328,-0.02118350299511533,-0.02117741404688489,-0.021163098113375307,0.9961932133862706,0.991888455719754,0.9929271080261348,-0.018645979160776368,-0.018741385994620274,-0.018827242486750093,0.7527890251951191,0.7526462978911751,0.7645232091324253
147,-0.020321982226569165,-0.020314145650793994,-0.020111924089997676,0.7958692863996825,0.6981551056983583,0.6550214755250608,-0.021183525875336447,-0.02117748531793061,-0.02116320143973592,0.996204089742243,0.9918693610111403,0.9929227738312545,-0.018646030865836882,-0.018744754569955283,-0.01882791339411977,0.7527525819569597,0.7533840403201435,0.7646776094792718
148,-0.02032879351212147,-0.020314150068189266,-0.02011193036609317,0.797590402470242,0.6981546712143127,0.6550169637960009,-0.021183538859054333,-0.021177499788145933,-0.021163296992850352,0.9962129778877263,0.991876375821241,0.992914126763878,-0.01864613055987174,-0.01875221509375523,-0.018828024692844166,0.752699884536081,0.7545425044071371,0.764748694903362
149,-0.020335728014812773,-0.020314193830796298,-0.020111929566762568,0.7992944416252677,0.6981579987402868,0.655017306723348,-0.02118354555779857,-0.021177589300132957,-0.02116338955660292,0.9962200506896606,0.9919452101263458,0.9929010856874038,-0.018646200070805762,-0.018761781711645203,-0.01882804657752107,0.7526564864676503,0.7563019547278731,0.7647383044936018
150,-0.020342790088417825,-0.020314356066213568,-0.020111940312821437,0.8009791104567321,0.698175240456695,0.6550149254600934,-0.021183548910777575,-0.02117761019350932,-0.021163480582259746,0.9962255818350652,0.9919860540188664,0.9928833228749699,-0.01864621065767047,-0.018761735873914113,-0.018828160503277472,0.7526369262155196,0.7563905803342891,0.7646788619150402
151,-0.0203499819508121,-0.020314723563248527,-0.020111942232350646,0.8026404774413082,0.6982146801902901,0.6550148168366937,-0.021183550874080484,-0.02117765144155899,-0.021163568481571568,0.9962301003108361,0.9920151589433577,0.992860642324719,-0.018646213144640485,-0.018761008508646097,-0.01882813210000756,0.7526385754627012,0.7563853483184139,0.7646600444749566
152,-0.0203573106958304,-0.02031521635568361,-0.020111966519748056,0.8042740278843502,0.6982679830237173,0.6550156269961538,-0.021183552653223088,-0.021178286450971702,-0.021163649192690273,0.9962345277047006,0.992270218967111,0.9928333702592377,-0.018646262964976578,-0.018759451173152808,-0.018828551151734933,0.7526455434396975,0.7560070150911941,0.7647093777114526
153,-0.020364783540565826,-0.020315663290405853,-0.02011197427221463,0.8058743168346978,0.6983186126173406,0.6550162073280924,-0.021183555341619406,-0.021179688544706313,-0.021163717326982093,0.9962402377401497,0.9927964014745677,0.9928027189179514,-0.018646360665491208,-0.018770920112125892,-0.01882962381696784,0.7526429333195099,0.7568366899636466,0.7647029946775598
154,-0.02037238925268381,-0.020316086563308296,-0.020112015724973283,0.807433168098656,0.6983643862017564,0.655020434273709,-0.02118356066727984,-0.0211806155880006,-0.021163767904663913,0.9962489968318057,0.9932389358634051,0.9927710463763784,-0.018646474820220874,-0.018789536459674457,-0.018830456763829776,0.7526267628092458,0.7583689961040431,0.7645770375341325
155,-0.02038007654142977,-0.02031669512721879,-0.020112013856512893,0.8089381138401034,0.6984158337209467,0.6550201983033195,-0.021183571527097652,-0.021181083879952763,-0.021163798386589036,0.9962627793141818,0.9934844992404477,0.9927419241266658,-0.01864658419879366,-0.018794182789778836,-0.018830630227137875,0.7526011213742758,0.7591488030526022,0.7644576653178323
156,-0.020387747170837286,-0.020317653936321737,-0.020112045371481372,0.810373141106806,0.6984726322786803,0.6550260302386269,-0.021183592084502753,-0.021181733653515736,-0.021163810523080587,0.9962834883481694,0.9937181403334678,0.9927199477061102,-0.018646687834119376,-0.018797365708028216,-0.018830623830797793,0.7525710788607483,0.7596671235126125,0.7644477948819478
157,-0.02039527571077055,-0.020318674038619658,-0.020112046357929167,0.8117223123779476,0.6985106618980963,0.6550272661561182,-0.021183627351945566,-0.021182795102828503,-0.02116381149787451,0.9963126394299593,0.9940329277782814,0.9927102758832688,-0.018646799069221624,-0.018796929852929956,-0.01883073667109891,0.7525388568430172,0.7598536757611997,0.764511605082236
158,-0.020402548983616584,-0.02031931212387318,-0.020112043684530345,0.8129744285046336,0.6985202406999842,0.6550260591047633,-0.021183682319081628,-0.021183092291394305,-0.021163810734862402,0.996351071581125,0.9941889371567332,0.9927082875910476,-0.018646941422062965,-0.018800452844762464,-0.01883088625406654,0.7525035859220458,0.7602771381993765,0.7645752862211254
159,-0.02040950004481666,-0.020319505545934247,-0.020112060794667156,0.8141256595107502,0.698516215877042,0.6550327503965611,-0.021183760806141816,-0.021183079696371072,-0.0211638380885149,0.9963987444278753,0.9941917349213537,0.9927428593207541,-0.018647146492710546,-0.018802382857041004,-0.01883098679554794,0.7524624789914326,0.7606941517655241,0.7646123748297469
160,-0.020416113376620096,-0.020319496705224385,-0.020112071723715493,0.8151783864729795,0.6985136433356778,0.6550360923425097,-0.02118386432066737,-0.021183059451681637,-0.0211638989029133,0.9964546640213815,0.994186280062696,0.9927982372551934,-0.018647446894038574,-0.01880574045497319,-0.018831041364696363,0.7524110350290836,0.7611083091635021,0.7646350939400078
161,-0.020422399819444655,-0.020319583711119745,-0.020112147901254148,0.816137286909981,0.6985185201003737,0.6550533699128267,-0.021183991253692178,-0.021183125701153535,-0.02116400813831893,0.9965169606456844,0.9941807287385513,0.9928758035120293,-0.018647860933595953,-0.018811346439493296,-0.018831049715133105,0.752342033293036,0.76175009561889,0.7646488268600038
162,-0.020428359938643174,-0.020319905780960497,-0.02011221632716759,0.8170054361252032,0.6985331308634101,0.6550636411054565,-0.021184136720212736,-0.021183001924514874,-0.02116417535594384,0.9965831176951984,0.9941356159887992,0.9929738811255185,-0.01864837216402938,-0.0188117259523719,-0.0188310510169727,0.752245815257279,0.761913725506417,0.764646594345933
163,-0.020433958442221303,-0.020320597834941903,-0.020112525590559364,0.8177827897163642,0.6985632706962206,0.6550990261984994,-0.021184293190081208,-0.02118363409611868,-0.02116440134025515,0.9966503201590452,0.994283044547302,0.9930881118088035,-0.01864891086852644,-0.018811749542760145,-0.018831053723740776,0.7521148877816966,0.761916820781796,0.7646187712688784
164,-0.02043912361602169,-0.020321729918617457,-0.020112639158444787,0.8184676695035441,0.6986084760507079,0.6551079233925294,-0.021184451795079665,-0.021183999026260888,-0.021164676992468708,0.9967158576251586,0.9944784492628215,0.9932122251279335,-0.018649351456312805,-0.018810358870904372,-0.018831076141068877,0.7519548909084715,0.7618338257123604,0.7646365399370653
165,-0.020443771477240677,-0.020322872816791696,-0.020113365655382673,0.8190599905037073,0.6986481205943262,0.6551482842499289,-0.021184603943615724,-0.021183987852118395,-0.02116498475747948,0.9967774928320676,0.9944850231334297,0.9933391074698253,-0.018649565842273338,-0.018815549049265193,-0.018831770502344133,0.751799656893063,0.7626154769123693,0.7648920994586973
166,-0.020447839740600045,-0.020323537802751798,-0.020113440947415847,0.8195639521464113,0.6986679803362412,0.6551512188629117,-0.02118474276155173,-0.021183840780263582,-0.02116530211060546,0.9968337098297024,0.9943974416403986,0.993461956355399,-0.01864956874139855,-0.018816319158449266,-0.018833912505578584,0.7517153330501095,0.763313816846695,0.7654554979428191
167,-0.020451311208716502,-0.020323828861518956,-0.020114524252139002,0.8199885069189441,0.6986757044729401,0.65517626844083,-0.021184863972261332,-0.02118459271185131,-0.021165606028567936,0.9968837929527369,0.9946082854396995,0.9935752551226785,-0.018649641746968215,-0.0188154342894134,-0.018836596691928453,0.7517724666775512,0.7631347914266214,0.7660963206635434
168,-0.020454215904463488,-0.020324001483800692,-0.020114518103528652,0.8203456764779689,0.6986780742779675,0.6551761849025135,-0.021184966073651876,-0.021185094576195777,-0.021165877172178167,0.9969277454739884,0.9948898268984213,0.9936753533688281,-0.01865021741283079,-0.01881879667521619,-0.0188380968406866,0.7519973487947721,0.7636465500066137,0.7665207129641195
169,-0.020456617094101466,-0.0203241083197354,-0.020115572755823204,0.8206481191616141,0.6986742953574742,0.6551806568348213,-0.021185049926747305,-0.021185074592835855,-0.0211661027664094,0.9969661067269147,0.9949006614681413,0.9937605713822311,-0.018651554131411188,-0.018819379442695846,-0.018838381449826466,0.7523478927738584,0.763673722340553,0.7666763199721881
170,-0.020458593559284862,-0.020324092391905028,-0.020115491807372817,0.8209072904526438,0.6986694264138117,0.6551808296900766,-0.021185118021750368,-0.021184907458192,-0.021166277696720096,0.9969997453466324,0.9947999199990566,0.9938309008702991,-0.01865348109334562,-0.01881846507050777,-0.01883839068417881,0.7527333319782804,0.7638106002604893,0.7666934610946933
171,-0.020460226439581106,-0.020324253181132627,-0.02011616853091948,0.8211326501064824,0.698678705169504,0.6551807803107317,-0.02118517370178348,-0.021185741897246087,-0.021166403891310585,0.9970296906974382,0.9949956554349059,0.9938874820180628,-0.018655468280167783,-0.018817201623030962,-0.018838403744512497,0.7530635655450769,0.7633073250225927,0.7666969200334759
172,-0.020461591948994204,-0.020324919107536768,-0.020116084146962754,0.8213316544899388,0.6986917304507894,0.6551809617474936,-0.021185220544608904,-0.021186518827228443,-0.021166488450908807,0.9970570292490916,0.9952300876046251,0.9939320622906681,-0.01865701929996484,-0.01881974696625716,-0.01883873393047493,0.7532948009713176,0.7643255094259928,0.7666812043709332
173,-0.020462757717114314,-0.020325689782785546,-0.0201163940174882,0.8215100687220215,0.6986844881000365,0.6551844485353832,-0.02118526199127306,-0.02118646281855631,-0.021166541175607137,0.997082857316045,0.9952414673814047,0.9939665929551549,-0.01865797523559665,-0.018820770624204005,-0.018839420868028475,0.7534335965451916,0.7646118841980798,0.7665230697138914
174,-0.02046378058559538,-0.02032609269443447,-0.020116358258682302,0.8216722523611008,0.6986703537588014,0.6551845091286096,-0.021185301210338122,-0.02118640762261241,-0.021166572157380617,0.9971082596254786,0.9952277400555795,0.9939930309094995,-0.018658467383897315,-0.018823391561922434,-0.018839660887097893,0.7535086541652478,0.7647985247376545,0.76626434366268
175,-0.020464704939737385,-0.020326303270828735,-0.020116460284820666,0.8218212874109875,0.6986637174715662,0.6551830055288954,-0.021185341115057318,-0.021186620449659185,-0.02116658999807746,0.9971342789244442,0.9952315468962629,0.9940133258490927,-0.01865871124321467,-0.01882107261416356,-0.018839677200347304,0.753547175603952,0.7645032779537526,0.7662779597929368
176,-0.020465561513127565,-0.020326444950198367,-0.02011645990547844,0.821959012693166,0.6986604482902492,0.6551814992128994,-0.02118538441623347,-0.02118653458930604,-0.021166600993514376,0.9971618530619761,0.9951546173984053,0.9940295129537694,-0.01865886795128302,-0.018823686428281253,-0.018841139593684112,0.753567121572965,0.7655115090660939,0.7668167259474074
177,-0.020466367050239517,-0.020326443161122323,-0.02011646171806443,0.8220861399348691,0.6986580065645804,0.6551822887024236,-0.021185433601929246,-0.021186926440446792,-0.021166609317862742,0.9971917170283643,0.9952672850656594,0.9940438090758333,-0.018659027940004125,-0.018822811036507788,-0.018844458560845986,0.7535758989819478,0.7652358008721489,0.7677023600698384
178,-0.020467125595647104,-0.020326502859373714,-0.020116489257363094,0.8222026063654367,0.6986595926728989,0.6551890948897072,-0.0211854907858567,-0.021187426216741204,-0.021166617920101813,0.9972242904541634,0.9954990407386373,0.9940586234977975,-0.01865923204322228,-0.018828662935319415,-0.01884802875714743,0.7535697845306468,0.7663788350949549,0.7685237249511162
179,-0.02046783218164465,-0.020326666714213678,-0.02011656165342546,0.822308164103625,0.6986591366454747,0.6552000082768907,-0.0211855574408853,-0.021187544260818588,-0.021166629623456043,0.9972595868707532,0.9955805080853903,0.9940764342209149,-0.018659454831274718,-0.018828724559095025,-0.018850912249367306,0.7535402913269728,0.7669291068814418,0.7691118699498094
180,-0.020468478682298234,-0.020326749741000075,-0.020116792869175268,0.822403006670132,0.6986555733261922,0.6552244743760235,-0.02118563409923295,-0.0211878174559791,-0.021166647898736082,0.9972971818520232,0.9956819849654553,0.9940995352809938,-0.018659615882973112,-0.018828295341571603,-0.018853326677712154,0.7534897650788605,0.7671137255879779,0.7695380695830994
181,-0.020469059946379372,-0.020326783064645696,-0.0201169804375997,0.8224881511922287,0.6986528874746045,0.6552366563004974,-0.02118572012693159,-0.021188418304282034,-0.02116667697004722,0.9973362611909099,0.9959035958067755,0.9941297134726529,-0.01865966911690203,-0.01882677661944822,-0.018855190801919202,0.7534403007814536,0.7666210851756954,0.7698383177983444
182,-0.020469577637781275,-0.020326811454782198,-0.020117556371156812,0.8225654300538384,0.6986504346577895,0.6552524204549768,-0.02118581366086207,-0.02118854909921625,-0.021166721209784398,0.9973757441290697,0.9959998735103792,0.9941679458394003,-0.018659664021925492,-0.018835652762598923,-0.01885642066919785,0.7534223928810622,0.7680403160775809,0.77004046070078
183,-0.020470040548997263,-0.020326840164841212,-0.020117604757959703,0.8226371881966866,0.6986468305249219,0.6552525159319771,-0.021185911749917623,-0.021188581896446054,-0.02116678405508006,0.9974144523142765,0.9960127796302797,0.9942142095616131,-0.018659707403546773,-0.018846679323997802,-0.018857271288178882,0.7534555100270193,0.7694352923565692,0.7701875516647029
184,-0.020470462324976287,-0.020326829860069884,-0.020118378663938244,0.8227059092933888,0.6986438582511119,0.6552233789790928,-0.021186010691878424,-0.0211887096806364,-0.021166866837834128,0.9974512829506946,0.9960515306882626,0.9942674636996071,-0.018659882337758223,-0.01884798793378296,-0.01885813307254935,0.7535361926459373,0.7696828011165168,0.7703205884115047
185,-0.020470858515107434,-0.020326899890873648,-0.020118311536073227,0.8227739276596465,0.6986470715395474,0.6552286570275659,-0.02118610651746676,-0.021188645480778416,-0.021166967943163292,0.9974853479162027,0.9960489744891265,0.994325811453584,-0.01866018065441621,-0.01884920875126785,-0.01885936081944274,0.7536384318805616,0.7697927018049608,0.7704536537634873
186,-0.02047124426632569,-0.020327047275000357,-0.020118759986608788,0.8228432453156409,0.6986467705107203,0.6551746004818765,-0.02118619554289203,-0.02118869764291981,-0.021167082618427827,0.9975160556091618,0.9960622818874721,0.9943868022244086,-0.01866050484543182,-0.018849845234796603,-0.0188609779123295,0.7537295790524897,0.7709104630809932,0.7705421102540843
187,-0.02047163293031838,-0.020327106178091966,-0.020118773308674218,0.8229154011195079,0.6986429689915531,0.6551583112513435,-0.02118627488996045,-0.021188725303677866,-0.021167203577107566,0.997543131373963,0.9960603041510712,0.9944478013543261,-0.018660748069241517,-0.018843427353265982,-0.01886214207607857,0.7537905233140593,0.7699231632977684,0.7705156109534603
188,-0.02047203531934871,-0.02032714102717619,-0.020118747986002664,0.8229913527172055,0.6986398097831205,0.6551666940223696,-0.021186342864782312,-0.021188580960007683,-0.02116732230957246,0.997566588232048,0.996014492389951,0.9945063488510505,-0.018660864177587933,-0.018870313079588582,-0.018862219399670584,0.7538210710552363,0.772473011783418,0.770441186690389
189,-0.020472459339429164,-0.020327152735577673,-0.020118825334740072,0.8230713767205807,0.6986330592270389,0.6551416662045955,-0.02118639910610593,-0.021188893171135707,-0.021167430775978366,0.9975866679719243,0.9961185621131827,0.9945604432922187,-0.018660881673813506,-0.018869927313791238,-0.018862538422669214,0.7538314422723726,0.7723046208324164,0.7705036896615823
190,-0.02047290988418338,-0.02032716826237159,-0.020118819730947046,0.8231550153609143,0.6986349257279602,0.6551442299781836,-0.021186444471037194,-0.021188823427923945,-0.02116752299573725,0.9976037729919757,0.9961574120637282,0.9946087141897177,-0.01866088242709492,-0.01887136457144784,-0.018864588996977797,0.753831232361539,0.7727285499418504,0.7707452871885984
191,-0.02047338894599904,-0.020327602430443452,-0.02011886511286681,0.823241086790222,0.6986599704442251,0.6551267555291583,-0.021186480707591056,-0.021188692265019075,-0.02116759604991663,0.9976184041898923,0.9960846088453306,0.9946504761698453,-0.018660951427448395,-0.018873210061923315,-0.01886750413348615,0.7538215942609413,0.7730530322243401,0.7710612388206534
192,-0.02047389590654171,-0.02032836041619968,-0.02011886928781935,0.8233277543600128,0.6986760960576848,0.6551251425786192,-0.021186510035164093,-0.021189134152164897,-0.02116765021148848,0.9976311129165107,0.9962230007720647,0.9946856856070666,-0.01866110731149601,-0.018881115845988772,-0.018869731291184248,0.7537955217354966,0.7743914037801229,0.7713780725820147
193,-0.020474428004830916,-0.02032874216029074,-0.020118911543769977,0.8234126420354986,0.6986558687217866,0.6551067733208916,-0.021186534775781633,-0.02118929973402113,-0.02116768824761512,0.9976424676682829,0.9963557334608667,0.9947148408091376,-0.01866126605765384,-0.018885643774254116,-0.01887141952413896,0.7537500628038569,0.7746326264089803,0.771721559541794
194,-0.020474981025132608,-0.020328792957656768,-0.020118907986167126,0.8234929851701989,0.6986371590066723,0.6551087699352662,-0.021186557135293712,-0.02118929393449471,-0.021167714249437034,0.9976530298518039,0.996353330633313,0.9947388749831818,-0.01866132408650695,-0.018883293684527794,-0.018873392045445202,0.7537027155219558,0.7738224218566441,0.7721742884018856
195,-0.020475550166027538,-0.02032880295854578,-0.02011891463855038,0.8235657980946829,0.698629492529077,0.6550995201930492,-0.021186579147731296,-0.02118955057027965,-0.02116773249148081,0.9976633290291492,0.996425967517248,0.9947590812877014,-0.018661315377467777,-0.01888672395145075,-0.018876563637795333,0.7536887692694968,0.7752789553363221,0.7728488934312593
196,-0.02047613081378807,-0.02032878915650305,-0.020118926634350994,0.8236280226619467,0.6986192497776357,0.6551038467690193,-0.021186602714381157,-0.02118957691822265,-0.021167746749467645,0.9976738285221601,0.9964461537967008,0.9947770816190804,-0.01866140699961644,-0.01888565564483502,-0.018881095866477945,0.7537329276734092,0.7751476474513974,0.7737218979810706
197,-0.020476718738511476,-0.02032888354991225,-0.02011896131391544,0.8236766267107047,0.6986405772875393,0.6551070853718213,-0.021186629630366396,-0.02118956367304138,-0.021167760269651788,0.9976848779573898,0.9964468190213868,0.9947948158748153,-0.01866169803975835,-0.01889318903947912,-0.01888544910328088,0.7538268267924981,0.7755906872811237,0.7745399994711683
198,-0.0204773093248608,-0.020329039894507253,-0.02011905178839178,0.8237086760275385,0.6986653937809817,0.6551040438166834,-0.021186661506531104,-0.0211895165427064,-0.021167776301785388,0.9976966584318536,0.996424848819213,0.9948145027753731,-0.01866208486775804,-0.018894617932514388,-0.018888062163834266,0.7539359528618275,0.7757648685493801,0.7750635214421355
199,-0.020477895923787695,-0.020329137014731432,-0.020119136287672798,0.8237214855558578,0.6986692516852443,0.6550934175609915,-0.0211866995502415,-0.021189709894887068,-0.021167798885400053,0.9977091345766952,0.9964847410506298,0.9948385199534745,-0.018662365661542998,-0.018893718752735374,-0.0188892271247466,0.7540252889081586,0.7761318308095041,0.7753047769367345
